,,Statistic,p-value
Entropy,Mean,0.6816141034537568,8.294515648797803e-11
Uniformity,Mean,-0.598718413546558,4.384296569331448e-08
Variance,Mean,0.7415454951567397,2.0982279565363428e-13
